"","country","iyear","Armed Assault","Assassination","Bombing/Explosion","Facility/Infrastructure Attack","Hijacking","Hostage Taking (Barricade Incident)","Hostage Taking (Kidnapping)","Unarmed Assault","Unknown","total"
"1","Afghanistan",2007,94,17,184,13,NA,NA,26,NA,7,341
"2","Afghanistan",2008,94,36,188,24,1,NA,50,3,18,414
"3","Afghanistan",2009,95,37,276,26,3,1,48,6,11,503
"4","Afghanistan",2010,90,57,266,17,1,NA,78,7,26,542
"5","Afghanistan",2011,65,55,236,5,1,1,40,3,15,421
"6","Afghanistan",2012,337,72,887,26,NA,1,57,15,74,1469
"7","Afghanistan",2013,334,84,829,29,NA,NA,87,6,74,1443
"8","Afghanistan",2014,356,108,1017,47,2,6,124,2,162,1824
"9","Afghanistan",2015,546,178,738,65,1,9,189,15,187,1928
"10","Afghanistan",2016,359,119,639,32,2,4,148,9,305,1617
"11","Afghanistan",2017,336,124,531,35,2,2,112,4,268,1414
"12","Albania",2009,NA,NA,1,NA,NA,NA,NA,NA,NA,1
"13","Albania",2013,NA,NA,1,NA,NA,NA,NA,NA,NA,1
"14","Albania",2014,NA,NA,2,NA,NA,NA,NA,NA,NA,2
"15","Albania",2015,NA,1,3,NA,NA,NA,NA,NA,NA,4
"16","Albania",2016,NA,NA,1,NA,NA,NA,1,NA,NA,2
"17","Albania",2017,NA,NA,1,NA,NA,NA,NA,NA,NA,1
"18","Algeria",2007,20,9,91,1,NA,NA,1,NA,2,124
"19","Algeria",2008,22,4,72,NA,NA,NA,5,NA,4,107
"20","Algeria",2009,24,NA,80,1,NA,NA,1,NA,2,108
"21","Algeria",2010,10,1,73,NA,NA,NA,14,NA,2,100
"22","Algeria",2011,4,1,7,NA,NA,NA,2,NA,1,15
"23","Algeria",2012,8,NA,30,NA,NA,NA,1,NA,2,41
"24","Algeria",2013,5,NA,15,NA,1,1,NA,NA,NA,22
"25","Algeria",2014,5,2,4,NA,NA,NA,1,NA,1,13
"26","Algeria",2015,6,1,6,NA,NA,NA,NA,NA,3,16
"27","Algeria",2016,2,NA,7,NA,NA,NA,NA,NA,NA,9
"28","Algeria",2017,2,NA,12,NA,NA,NA,NA,NA,NA,14
"29","Angola",2009,1,NA,NA,NA,NA,NA,NA,NA,NA,1
"30","Angola",2010,1,NA,NA,NA,NA,NA,NA,NA,1,2
"31","Angola",2016,NA,NA,NA,NA,NA,NA,NA,NA,2,2
"32","Angola",2017,NA,NA,NA,NA,NA,NA,1,1,4,6
"33","Argentina",2009,NA,NA,1,NA,NA,NA,NA,NA,NA,1
"34","Argentina",2010,NA,NA,5,NA,NA,NA,NA,NA,NA,5
"35","Argentina",2011,NA,NA,1,NA,NA,NA,NA,NA,NA,1
"36","Argentina",2012,NA,1,1,NA,NA,NA,NA,NA,NA,2
"37","Argentina",2013,1,NA,NA,1,NA,NA,NA,NA,NA,2
"38","Argentina",2014,NA,NA,NA,1,NA,NA,NA,NA,NA,1
"39","Argentina",2015,NA,NA,1,NA,NA,NA,NA,NA,NA,1
"40","Argentina",2016,1,NA,NA,NA,NA,NA,1,NA,NA,2
"41","Argentina",2017,NA,NA,NA,3,NA,NA,NA,NA,NA,3
"42","Armenia",2007,NA,NA,1,NA,NA,NA,NA,NA,NA,1
"43","Armenia",2009,NA,1,NA,NA,NA,NA,NA,NA,NA,1
"44","Armenia",2013,NA,1,NA,NA,NA,NA,NA,NA,NA,1
"45","Armenia",2015,1,NA,NA,NA,NA,NA,1,NA,NA,2
"46","Armenia",2016,NA,NA,1,NA,NA,1,NA,NA,NA,2
"47","Australia",2008,NA,NA,1,2,NA,NA,NA,NA,NA,3
"48","Australia",2009,NA,NA,1,NA,NA,NA,NA,NA,NA,1
"49","Australia",2010,1,NA,NA,NA,NA,NA,NA,NA,NA,1
"50","Australia",2013,NA,NA,NA,1,NA,NA,NA,NA,NA,1
"51","Australia",2014,2,NA,NA,5,NA,1,NA,NA,NA,8
"52","Australia",2015,1,NA,1,12,NA,NA,NA,NA,NA,14
"53","Australia",2016,2,NA,NA,7,NA,NA,NA,NA,NA,9
"54","Australia",2017,1,NA,1,NA,NA,1,NA,1,NA,4
"55","Austria",2007,NA,NA,NA,1,NA,NA,NA,NA,NA,1
"56","Austria",2008,NA,NA,NA,6,NA,NA,NA,1,NA,7
"57","Austria",2009,2,NA,NA,1,NA,NA,NA,NA,NA,3
"58","Austria",2011,NA,NA,NA,1,NA,NA,NA,NA,NA,1
"59","Austria",2013,NA,NA,NA,1,NA,NA,NA,NA,NA,1
"60","Austria",2016,NA,NA,NA,3,NA,NA,NA,NA,NA,3
"61","Austria",2017,1,NA,NA,NA,NA,NA,NA,NA,NA,1
"62","Azerbaijan",2007,NA,NA,NA,1,NA,NA,NA,NA,NA,1
"63","Azerbaijan",2008,NA,NA,2,NA,NA,NA,NA,NA,NA,2
"64","Azerbaijan",2009,NA,1,1,NA,NA,NA,NA,NA,NA,2
"65","Azerbaijan",2014,NA,NA,1,1,NA,NA,NA,NA,1,3
"66","Azerbaijan",2016,NA,NA,2,NA,NA,NA,NA,NA,NA,2
"67","Azerbaijan",2017,NA,NA,1,NA,NA,NA,NA,NA,1,2
"68","Bahamas",2013,NA,NA,1,NA,NA,NA,NA,NA,NA,1
"69","Bahrain",2008,NA,NA,1,NA,NA,NA,NA,NA,NA,1
"70","Bahrain",2010,NA,NA,1,1,NA,NA,NA,NA,NA,2
"71","Bahrain",2011,NA,NA,1,NA,NA,NA,NA,NA,NA,1
"72","Bahrain",2012,5,NA,18,2,NA,NA,NA,1,NA,26
"73","Bahrain",2013,8,NA,33,10,NA,NA,NA,NA,1,52
"74","Bahrain",2014,7,2,26,7,NA,NA,NA,NA,NA,42
"75","Bahrain",2015,3,NA,14,1,NA,NA,NA,NA,NA,18
"76","Bahrain",2016,1,NA,NA,1,NA,NA,NA,NA,1,3
"77","Bahrain",2017,7,NA,13,NA,NA,1,NA,NA,NA,21
"78","Bangladesh",2007,NA,1,6,1,NA,NA,1,NA,NA,9
"79","Bangladesh",2008,5,NA,10,1,NA,NA,2,1,NA,19
"80","Bangladesh",2009,5,2,10,1,NA,NA,4,1,4,27
"81","Bangladesh",2010,4,4,13,NA,NA,NA,NA,NA,1,22
"82","Bangladesh",2011,5,1,4,1,NA,NA,1,NA,1,13
"83","Bangladesh",2012,3,4,10,NA,NA,NA,1,NA,NA,18
"84","Bangladesh",2013,15,12,71,35,NA,NA,4,2,NA,139
"85","Bangladesh",2014,18,8,43,56,NA,NA,4,NA,1,130
"86","Bangladesh",2015,28,38,321,71,NA,2,3,3,3,469
"87","Bangladesh",2016,29,6,20,19,NA,3,8,1,2,88
"88","Bangladesh",2017,13,6,15,3,NA,NA,3,1,NA,41
"89","Belarus",2008,NA,NA,1,NA,NA,NA,NA,NA,NA,1
"90","Belarus",2010,NA,NA,NA,2,NA,NA,NA,NA,NA,2
"91","Belarus",2011,NA,NA,1,NA,NA,NA,NA,NA,NA,1
"92","Belarus",2012,NA,NA,3,NA,NA,NA,NA,NA,NA,3
"93","Belgium",2007,NA,NA,1,NA,NA,NA,NA,NA,NA,1
"94","Belgium",2009,NA,NA,NA,1,NA,NA,NA,NA,NA,1
"95","Belgium",2012,NA,NA,NA,1,NA,NA,NA,NA,NA,1
"96","Belgium",2014,1,NA,NA,1,NA,NA,NA,NA,NA,2
"97","Belgium",2016,2,NA,3,1,NA,NA,NA,NA,NA,6
"98","Belgium",2017,1,1,1,NA,NA,NA,NA,NA,NA,3
"99","Belize",2013,NA,NA,NA,1,NA,NA,NA,NA,NA,1
"100","Benin",2007,1,NA,NA,NA,NA,NA,NA,NA,NA,1
"101","Bhutan",2008,NA,NA,3,NA,NA,NA,NA,NA,NA,3
"102","Bhutan",2011,NA,NA,1,NA,NA,NA,NA,NA,NA,1
"103","Bhutan",2014,NA,NA,NA,NA,NA,NA,1,NA,NA,1
"104","Bolivia",2007,1,NA,2,NA,NA,NA,NA,NA,NA,3
"105","Bolivia",2009,NA,NA,3,NA,NA,NA,NA,NA,NA,3
"106","Bolivia",2012,1,NA,NA,NA,NA,NA,NA,NA,NA,1
"107","Bosnia-Herzegovina",2007,NA,NA,2,NA,NA,NA,NA,NA,NA,2
"108","Bosnia-Herzegovina",2008,NA,NA,3,1,NA,NA,NA,NA,NA,4
"109","Bosnia-Herzegovina",2009,NA,NA,1,NA,NA,NA,NA,NA,NA,1
"110","Bosnia-Herzegovina",2010,NA,NA,1,NA,NA,NA,NA,NA,NA,1
"111","Bosnia-Herzegovina",2011,1,NA,NA,NA,NA,NA,NA,NA,NA,1
"112","Bosnia-Herzegovina",2013,NA,NA,1,NA,NA,NA,NA,NA,NA,1
"113","Bosnia-Herzegovina",2014,NA,2,1,NA,NA,NA,NA,NA,NA,3
"114","Bosnia-Herzegovina",2015,3,NA,2,1,NA,NA,NA,NA,NA,6
"115","Brazil",2012,NA,1,NA,NA,NA,NA,NA,NA,NA,1
"116","Brazil",2013,NA,2,1,NA,NA,NA,NA,NA,NA,3
"117","Brazil",2014,1,1,NA,NA,NA,NA,1,NA,NA,3
"118","Brazil",2015,NA,3,2,NA,NA,NA,NA,NA,NA,5
"119","Brazil",2016,NA,1,NA,1,NA,NA,NA,NA,NA,2
"120","Brazil",2017,NA,NA,NA,2,NA,NA,NA,NA,NA,2
"121","Bulgaria",2008,NA,1,1,NA,NA,NA,NA,NA,NA,2
"122","Bulgaria",2011,NA,NA,2,NA,NA,NA,NA,NA,NA,2
"123","Bulgaria",2012,NA,NA,2,NA,NA,NA,NA,NA,NA,2
"124","Bulgaria",2013,NA,1,1,NA,NA,NA,NA,1,NA,3
"125","Bulgaria",2014,NA,NA,NA,1,NA,NA,NA,NA,NA,1
"126","Bulgaria",2015,NA,NA,1,1,NA,NA,NA,NA,NA,2
"127","Bulgaria",2016,NA,NA,NA,NA,NA,NA,NA,1,NA,1
"128","Burkina Faso",2013,NA,1,NA,NA,NA,NA,NA,NA,NA,1
"129","Burkina Faso",2015,2,NA,NA,1,NA,1,2,NA,NA,6
"130","Burkina Faso",2016,6,NA,1,NA,NA,1,1,NA,1,10
"131","Burkina Faso",2017,15,1,4,2,NA,1,4,NA,5,32
"132","Burundi",2007,NA,NA,NA,2,NA,NA,1,NA,NA,3
"133","Burundi",2008,4,NA,3,NA,NA,NA,NA,NA,NA,7
"134","Burundi",2010,3,NA,26,NA,NA,NA,NA,NA,NA,29
"135","Burundi",2011,6,NA,2,NA,NA,NA,NA,NA,NA,8
"136","Burundi",2012,1,NA,2,NA,NA,NA,NA,NA,1,4
"137","Burundi",2013,2,NA,NA,NA,NA,NA,NA,NA,NA,2
"138","Burundi",2014,5,NA,NA,NA,NA,NA,NA,NA,NA,5
"139","Burundi",2015,35,14,46,1,NA,1,2,NA,3,102
"140","Burundi",2016,18,15,46,NA,NA,NA,3,NA,1,83
"141","Burundi",2017,2,2,14,NA,NA,NA,3,NA,NA,21
"142","Cambodia",2008,1,NA,NA,NA,NA,NA,NA,1,NA,2
"143","Cambodia",2013,NA,NA,2,NA,NA,NA,NA,NA,NA,2
"144","Cameroon",2007,NA,NA,NA,1,NA,NA,NA,NA,NA,1
"145","Cameroon",2008,NA,NA,NA,NA,NA,NA,1,NA,NA,1
"146","Cameroon",2009,NA,NA,NA,NA,NA,NA,1,NA,NA,1
"147","Cameroon",2010,2,NA,NA,NA,1,NA,NA,NA,NA,3
"148","Cameroon",2011,2,NA,NA,NA,NA,NA,1,NA,NA,3
"149","Cameroon",2013,1,NA,NA,NA,NA,NA,2,NA,NA,3
"150","Cameroon",2014,18,1,9,1,NA,NA,17,NA,22,68
"151","Cameroon",2015,15,1,27,7,2,1,16,NA,14,83
"152","Cameroon",2016,8,NA,31,4,NA,NA,5,NA,8,56
"153","Cameroon",2017,12,NA,52,5,NA,NA,15,NA,10,94
"154","Canada",2008,1,NA,3,NA,NA,NA,NA,1,NA,5
"155","Canada",2009,NA,NA,3,1,NA,NA,NA,NA,NA,4
"156","Canada",2010,NA,NA,2,NA,NA,NA,NA,NA,NA,2
"157","Canada",2012,NA,NA,1,1,NA,NA,NA,1,NA,3
"158","Canada",2013,NA,NA,2,2,NA,NA,NA,NA,NA,4
"159","Canada",2014,3,NA,NA,NA,NA,NA,NA,NA,NA,3
"160","Canada",2015,NA,NA,2,2,NA,NA,NA,1,NA,5
"161","Canada",2016,2,NA,1,2,NA,NA,NA,1,NA,6
"162","Canada",2017,3,NA,NA,8,NA,NA,NA,1,NA,12
"163","Central African Republic",2007,1,NA,NA,NA,NA,NA,NA,NA,NA,1
"164","Central African Republic",2008,1,1,NA,NA,NA,NA,NA,NA,NA,2
"165","Central African Republic",2009,2,NA,NA,NA,NA,NA,2,NA,1,5
"166","Central African Republic",2010,5,NA,NA,1,NA,NA,2,NA,5,13
"167","Central African Republic",2011,3,NA,NA,NA,NA,NA,NA,NA,NA,3
"168","Central African Republic",2012,2,NA,NA,NA,NA,NA,1,NA,1,4
"169","Central African Republic",2013,14,1,2,NA,NA,NA,2,NA,1,20
"170","Central African Republic",2014,52,7,12,1,NA,1,18,NA,3,94
"171","Central African Republic",2015,23,1,4,NA,1,1,14,NA,4,48
"172","Central African Republic",2016,18,1,NA,1,NA,1,11,NA,6,38
"173","Central African Republic",2017,22,NA,1,1,NA,2,10,NA,7,43
"174","Chad",2007,4,NA,NA,NA,1,NA,1,NA,1,7
"175","Chad",2008,3,NA,2,NA,NA,NA,NA,NA,3,8
"176","Chad",2009,1,NA,NA,NA,NA,NA,2,NA,NA,3
"177","Chad",2010,NA,NA,NA,NA,NA,NA,1,NA,NA,1
"178","Chad",2014,1,NA,NA,NA,NA,NA,NA,NA,NA,1
"179","Chad",2015,8,NA,13,1,NA,NA,1,NA,4,27
"180","Chad",2016,1,NA,3,NA,NA,NA,NA,NA,1,5
"181","Chad",2017,2,NA,NA,1,NA,NA,1,NA,2,6
"182","Chile",2007,NA,NA,7,1,NA,NA,NA,NA,NA,8
"183","Chile",2008,NA,NA,4,NA,NA,NA,NA,NA,NA,4
"184","Chile",2009,NA,NA,7,1,NA,NA,NA,NA,NA,8
"185","Chile",2010,NA,NA,5,NA,NA,NA,NA,NA,NA,5
"186","Chile",2011,NA,NA,4,2,NA,NA,NA,NA,NA,6
"187","Chile",2012,NA,NA,2,NA,NA,NA,NA,NA,NA,2
"188","Chile",2013,1,NA,NA,4,NA,NA,NA,NA,NA,5
"189","Chile",2014,1,NA,10,5,NA,NA,NA,1,NA,17
"190","Chile",2015,NA,NA,1,NA,NA,NA,NA,NA,NA,1
"191","Chile",2016,3,NA,2,12,NA,1,NA,NA,NA,18
"192","Chile",2017,2,1,2,6,NA,1,NA,NA,NA,12
"193","China",2008,4,NA,14,1,1,NA,NA,NA,NA,20
"194","China",2009,3,NA,2,NA,NA,NA,NA,2,NA,7
"195","China",2010,NA,NA,1,NA,NA,NA,NA,NA,NA,1
"196","China",2011,2,NA,2,NA,NA,NA,NA,NA,NA,4
"197","China",2012,1,NA,1,NA,1,NA,NA,1,NA,4
"198","China",2013,10,NA,1,1,NA,NA,NA,NA,NA,12
"199","China",2014,14,1,21,NA,NA,NA,NA,NA,1,37
"200","China",2015,7,1,5,NA,NA,NA,1,2,1,17
"201","China",2016,1,NA,3,NA,1,NA,NA,NA,NA,5
"202","China",2017,1,NA,3,2,NA,NA,NA,NA,NA,6
"203","Colombia",2007,7,3,16,1,NA,NA,3,NA,NA,30
"204","Colombia",2008,12,12,84,11,NA,NA,10,NA,4,133
"205","Colombia",2009,30,9,69,20,4,NA,7,NA,NA,139
"206","Colombia",2010,18,5,83,14,1,NA,13,NA,2,136
"207","Colombia",2011,13,3,57,11,1,NA,7,NA,2,94
"208","Colombia",2012,18,NA,83,NA,NA,NA,9,NA,5,115
"209","Colombia",2013,27,4,87,6,NA,NA,18,NA,7,149
"210","Colombia",2014,30,9,134,20,NA,NA,24,1,13,231
"211","Colombia",2015,21,7,77,14,NA,NA,9,NA,8,136
"212","Colombia",2016,29,3,47,5,NA,NA,19,NA,6,109
"213","Colombia",2017,27,12,43,7,1,1,23,NA,3,117
"214","Croatia",2008,NA,NA,2,NA,NA,NA,NA,NA,NA,2
"215","Croatia",2009,NA,NA,1,NA,NA,NA,NA,NA,NA,1
"216","Croatia",2013,NA,NA,2,NA,NA,NA,NA,NA,NA,2
"217","Cuba",2007,NA,NA,NA,NA,1,NA,NA,NA,NA,1
"218","Cyprus",2007,NA,NA,1,NA,NA,NA,NA,NA,NA,1
"219","Cyprus",2012,NA,NA,1,NA,NA,NA,NA,NA,NA,1
"220","Cyprus",2013,NA,NA,9,NA,NA,NA,NA,NA,NA,9
"221","Cyprus",2014,NA,NA,5,NA,NA,NA,NA,NA,NA,5
"222","Cyprus",2015,NA,NA,3,NA,NA,NA,NA,NA,NA,3
"223","Cyprus",2016,NA,1,NA,1,NA,NA,NA,NA,NA,2
"224","Czech Republic",2008,NA,NA,1,NA,NA,NA,NA,1,NA,2
"225","Czech Republic",2009,NA,NA,1,NA,NA,NA,NA,NA,NA,1
"226","Czech Republic",2011,NA,NA,1,NA,NA,NA,NA,NA,NA,1
"227","Czech Republic",2013,NA,NA,1,NA,NA,NA,NA,NA,NA,1
"228","Czech Republic",2014,NA,NA,2,1,NA,NA,NA,2,NA,5
"229","Czech Republic",2015,NA,NA,NA,4,NA,NA,NA,NA,NA,4
"230","Czech Republic",2016,NA,1,NA,1,NA,NA,NA,NA,NA,2
"231","Czech Republic",2017,NA,NA,NA,3,NA,NA,NA,NA,NA,3
"232","Democratic Republic of the Congo",2007,9,NA,NA,NA,NA,NA,1,NA,1,11
"233","Democratic Republic of the Congo",2008,13,NA,3,NA,NA,NA,1,NA,3,20
"234","Democratic Republic of the Congo",2009,20,1,NA,10,NA,NA,12,NA,11,54
"235","Democratic Republic of the Congo",2010,7,NA,NA,NA,NA,NA,4,NA,7,18
"236","Democratic Republic of the Congo",2011,9,1,NA,2,NA,NA,1,NA,3,16
"237","Democratic Republic of the Congo",2012,15,1,5,1,NA,NA,1,NA,2,25
"238","Democratic Republic of the Congo",2013,12,NA,3,NA,NA,1,6,NA,NA,22
"239","Democratic Republic of the Congo",2014,40,5,6,3,NA,NA,42,NA,14,110
"240","Democratic Republic of the Congo",2015,54,1,3,2,NA,5,52,NA,26,143
"241","Democratic Republic of the Congo",2016,49,2,2,18,NA,NA,50,NA,48,169
"242","Democratic Republic of the Congo",2017,62,1,1,15,1,1,39,NA,23,143
"243","Denmark",2008,1,NA,NA,NA,NA,NA,NA,NA,NA,1
"244","Denmark",2010,NA,NA,1,NA,NA,NA,NA,NA,NA,1
"245","Denmark",2013,NA,1,NA,NA,NA,NA,NA,NA,NA,1
"246","Denmark",2015,2,NA,NA,2,NA,NA,NA,NA,NA,4
"247","Denmark",2016,1,NA,NA,NA,NA,NA,NA,NA,NA,1
"248","Djibouti",2014,NA,NA,1,NA,NA,NA,NA,NA,NA,1
"249","Djibouti",2015,1,NA,NA,NA,NA,NA,NA,NA,NA,1
"250","Djibouti",2017,NA,NA,NA,NA,NA,NA,1,NA,NA,1
"251","Dominican Republic",2013,NA,1,NA,NA,NA,NA,NA,NA,NA,1
"252","Dominican Republic",2014,NA,NA,NA,1,NA,NA,NA,NA,NA,1
"253","Dominican Republic",2017,NA,1,NA,NA,NA,NA,NA,NA,NA,1
"254","East Timor",2007,NA,1,NA,1,NA,NA,NA,NA,NA,2
"255","East Timor",2008,NA,NA,NA,NA,NA,NA,1,NA,NA,1
"256","Ecuador",2008,NA,NA,NA,NA,NA,NA,1,NA,1,2
"257","Ecuador",2009,NA,NA,1,NA,NA,NA,NA,NA,NA,1
"258","Ecuador",2011,NA,NA,1,NA,NA,NA,NA,NA,NA,1
"259","Ecuador",2012,NA,NA,NA,NA,NA,NA,1,NA,NA,1
"260","Ecuador",2013,NA,2,NA,NA,NA,NA,NA,NA,NA,2
"261","Ecuador",2015,NA,NA,1,NA,NA,NA,NA,NA,NA,1
"262","Ecuador",2016,2,NA,NA,NA,NA,NA,NA,NA,NA,2
"263","Ecuador",2017,NA,1,1,NA,NA,NA,1,NA,NA,3
"264","Egypt",2008,NA,NA,NA,NA,NA,NA,1,NA,NA,1
"265","Egypt",2009,NA,NA,2,NA,NA,NA,NA,NA,NA,2
"266","Egypt",2010,NA,NA,2,NA,NA,NA,NA,NA,NA,2
"267","Egypt",2011,4,NA,12,1,NA,NA,1,NA,NA,18
"268","Egypt",2012,28,1,11,NA,NA,1,7,1,NA,49
"269","Egypt",2013,187,6,110,5,NA,NA,6,NA,7,321
"270","Egypt",2014,76,13,232,10,2,NA,21,NA,NA,354
"271","Egypt",2015,124,25,442,15,3,1,18,NA,19,647
"272","Egypt",2016,90,9,232,5,2,NA,16,NA,22,376
"273","Egypt",2017,93,5,84,5,4,3,19,NA,11,224
"274","Equatorial Guinea",2009,1,NA,NA,NA,NA,NA,NA,NA,NA,1
"275","Eritrea",2007,NA,NA,1,1,NA,NA,NA,NA,NA,2
"276","Eritrea",2008,NA,NA,1,NA,NA,NA,NA,NA,1,2
"277","Eritrea",2009,NA,NA,1,NA,NA,NA,NA,NA,NA,1
"278","Eritrea",2010,NA,NA,NA,NA,NA,NA,NA,NA,1,1
"279","Eritrea",2011,NA,NA,NA,NA,NA,NA,1,NA,NA,1
"280","Estonia",2011,NA,NA,1,NA,NA,NA,NA,NA,NA,1
"281","Estonia",2015,1,NA,1,NA,NA,NA,NA,NA,NA,2
"282","Ethiopia",2007,2,NA,2,NA,NA,NA,1,NA,NA,5
"283","Ethiopia",2008,NA,NA,6,NA,NA,NA,1,NA,1,8
"284","Ethiopia",2009,NA,NA,1,NA,NA,NA,NA,NA,1,2
"285","Ethiopia",2010,1,NA,1,NA,NA,NA,NA,NA,NA,2
"286","Ethiopia",2011,1,NA,1,NA,NA,NA,NA,NA,1,3
"287","Ethiopia",2012,NA,NA,NA,NA,NA,NA,2,NA,1,3
"288","Ethiopia",2013,NA,NA,3,NA,NA,NA,NA,NA,2,5
"289","Ethiopia",2014,2,NA,NA,NA,NA,NA,NA,NA,NA,2
"290","Ethiopia",2015,2,NA,2,NA,NA,NA,2,NA,1,7
"291","Ethiopia",2016,3,NA,NA,NA,NA,NA,10,NA,NA,13
"292","Ethiopia",2017,5,NA,13,4,NA,NA,4,NA,1,27
"293","Finland",2007,1,NA,NA,NA,NA,NA,NA,NA,NA,1
"294","Finland",2008,NA,NA,NA,1,NA,NA,NA,NA,NA,1
"295","Finland",2015,1,NA,NA,8,NA,NA,NA,NA,NA,9
"296","Finland",2016,NA,NA,NA,3,NA,NA,NA,NA,NA,3
"297","Finland",2017,1,NA,NA,1,NA,NA,NA,NA,NA,2
"298","France",2007,1,1,12,1,NA,NA,1,NA,NA,16
"299","France",2008,NA,NA,10,2,NA,NA,NA,1,NA,13
"300","France",2009,3,NA,4,2,NA,NA,NA,NA,NA,9
"301","France",2010,NA,NA,2,1,NA,NA,NA,NA,NA,3
"302","France",2011,1,NA,6,1,NA,NA,NA,NA,NA,8
"303","France",2012,3,NA,60,1,NA,1,NA,1,NA,66
"304","France",2013,3,NA,8,5,NA,NA,1,1,NA,18
"305","France",2014,1,NA,4,7,NA,NA,NA,2,NA,14
"306","France",2015,17,NA,7,7,NA,5,NA,1,NA,37
"307","France",2016,9,1,1,12,NA,1,NA,2,NA,26
"308","France",2017,5,1,5,19,NA,1,NA,10,NA,41
"309","Gabon",2017,NA,1,NA,1,NA,2,NA,NA,NA,4
"310","Georgia",2008,6,3,22,1,NA,NA,1,NA,NA,33
"311","Georgia",2009,2,NA,21,1,NA,NA,1,NA,NA,25
"312","Georgia",2010,2,1,3,NA,NA,NA,1,NA,NA,7
"313","Georgia",2011,NA,NA,3,NA,NA,NA,NA,NA,NA,3
"314","Georgia",2012,NA,1,2,NA,NA,NA,NA,NA,NA,3
"315","Georgia",2013,NA,1,1,NA,NA,NA,NA,NA,NA,2
"316","Georgia",2014,NA,NA,1,NA,NA,NA,1,NA,NA,2
"317","Georgia",2015,NA,NA,1,NA,NA,NA,NA,NA,NA,1
"318","Georgia",2016,2,1,1,NA,NA,NA,NA,NA,NA,4
"319","Georgia",2017,NA,1,NA,NA,NA,NA,NA,NA,NA,1
"320","Germany",2007,1,NA,NA,2,NA,NA,NA,NA,NA,3
"321","Germany",2008,1,NA,1,1,NA,NA,NA,NA,NA,3
"322","Germany",2009,NA,NA,NA,4,NA,NA,NA,NA,NA,4
"323","Germany",2010,NA,1,NA,NA,NA,NA,NA,NA,NA,1
"324","Germany",2011,1,NA,7,NA,NA,NA,NA,NA,NA,8
"325","Germany",2012,NA,NA,2,3,NA,NA,NA,NA,NA,5
"326","Germany",2014,1,NA,NA,12,NA,NA,NA,NA,NA,13
"327","Germany",2015,13,2,3,44,NA,NA,NA,2,1,65
"328","Germany",2016,10,NA,8,22,1,NA,NA,3,NA,44
"329","Germany",2017,5,2,1,19,NA,NA,NA,NA,NA,27
"330","Ghana",2014,NA,1,NA,NA,NA,NA,NA,NA,NA,1
"331","Ghana",2016,NA,NA,1,NA,NA,NA,NA,NA,NA,1
"332","Greece",2007,1,NA,13,1,NA,NA,NA,NA,NA,15
"333","Greece",2008,NA,NA,12,40,NA,NA,1,NA,NA,53
"334","Greece",2009,6,NA,21,87,NA,NA,NA,NA,1,115
"335","Greece",2010,3,1,31,14,NA,NA,NA,NA,NA,49
"336","Greece",2011,NA,NA,7,4,NA,NA,NA,NA,NA,11
"337","Greece",2012,1,NA,16,4,NA,NA,NA,1,NA,22
"338","Greece",2013,4,2,21,25,NA,NA,NA,NA,2,54
"339","Greece",2014,4,NA,11,11,NA,NA,NA,NA,NA,26
"340","Greece",2015,2,2,11,12,NA,1,NA,2,1,31
"341","Greece",2016,8,3,6,13,NA,NA,NA,1,NA,31
"342","Greece",2017,6,2,13,14,NA,1,NA,2,5,43
"343","Guatemala",2012,NA,1,NA,NA,NA,NA,NA,NA,NA,1
"344","Guatemala",2013,2,4,NA,NA,NA,NA,NA,NA,NA,6
"345","Guinea",2013,NA,NA,NA,2,NA,NA,NA,NA,NA,2
"346","Guinea",2015,NA,1,1,NA,NA,NA,NA,NA,NA,2
"347","Guinea",2016,NA,1,NA,NA,NA,NA,NA,NA,NA,1
"348","Guinea-Bissau",2009,NA,1,NA,NA,NA,NA,NA,NA,NA,1
"349","Guinea-Bissau",2012,NA,1,NA,NA,NA,NA,NA,NA,NA,1
"350","Guyana",2008,3,NA,NA,NA,NA,NA,NA,NA,NA,3
"351","Guyana",2016,NA,1,NA,NA,NA,NA,NA,NA,NA,1
"352","Haiti",2007,1,1,NA,NA,NA,NA,NA,NA,NA,2
"353","Haiti",2016,1,NA,NA,NA,NA,NA,NA,NA,NA,1
"354","Honduras",2009,NA,2,6,NA,NA,NA,NA,NA,NA,8
"355","Honduras",2011,1,NA,NA,NA,NA,NA,NA,NA,NA,1
"356","Honduras",2013,1,NA,1,NA,NA,NA,NA,NA,NA,2
"357","Honduras",2014,NA,1,NA,NA,NA,NA,NA,NA,NA,1
"358","Honduras",2016,NA,1,NA,NA,NA,NA,NA,NA,NA,1
"359","Honduras",2017,1,NA,NA,NA,NA,NA,NA,NA,NA,1
"360","Hong Kong",2008,NA,NA,NA,NA,NA,NA,NA,1,NA,1
"361","Hungary",2008,1,NA,NA,1,NA,NA,NA,NA,NA,2
"362","Hungary",2009,NA,NA,NA,1,NA,NA,NA,NA,NA,1
"363","Hungary",2014,NA,NA,1,NA,NA,NA,NA,NA,NA,1
"364","Hungary",2015,NA,NA,1,NA,NA,NA,NA,NA,NA,1
"365","Hungary",2016,NA,NA,1,NA,NA,NA,NA,NA,NA,1
"366","Iceland",2012,NA,NA,1,NA,NA,NA,NA,NA,NA,1
"367","Iceland",2014,NA,NA,NA,1,NA,NA,NA,NA,NA,1
"368","India",2007,45,7,86,2,NA,NA,7,NA,2,149
"369","India",2008,163,12,257,22,4,3,62,2,9,534
"370","India",2009,232,12,246,82,5,NA,54,2,39,672
"371","India",2010,211,13,211,95,2,1,110,5,15,663
"372","India",2011,205,10,209,89,NA,NA,98,7,27,645
"373","India",2012,121,30,342,50,NA,3,56,3,6,611
"374","India",2013,166,45,342,52,2,2,71,4,10,694
"375","India",2014,211,50,365,72,2,3,129,12,16,860
"376","India",2015,172,34,395,91,3,4,147,10,28,884
"377","India",2016,198,53,466,108,NA,12,139,24,25,1025
"378","India",2017,220,69,301,203,5,13,110,36,9,966
"379","Indonesia",2007,NA,NA,1,NA,NA,NA,NA,1,NA,2
"380","Indonesia",2008,NA,1,12,NA,NA,NA,NA,NA,NA,13
"381","Indonesia",2009,11,NA,7,1,NA,NA,NA,NA,NA,19
"382","Indonesia",2010,1,NA,NA,3,NA,NA,NA,NA,NA,4
"383","Indonesia",2011,7,1,11,1,NA,NA,NA,1,NA,21
"384","Indonesia",2012,15,3,19,2,NA,NA,NA,NA,NA,39
"385","Indonesia",2013,13,3,9,6,NA,NA,1,NA,NA,32
"386","Indonesia",2014,19,1,8,4,NA,NA,3,NA,NA,35
"387","Indonesia",2015,10,NA,5,8,NA,NA,5,NA,1,29
"388","Indonesia",2016,2,1,13,1,NA,NA,1,NA,1,19
"389","Indonesia",2017,13,2,6,3,NA,2,NA,1,NA,27
"390","Iran",2007,2,NA,3,NA,NA,1,3,NA,NA,9
"391","Iran",2008,1,NA,3,NA,NA,NA,2,NA,2,8
"392","Iran",2009,6,NA,7,1,NA,NA,NA,NA,1,15
"393","Iran",2010,5,2,5,NA,NA,NA,1,NA,1,14
"394","Iran",2011,7,2,4,NA,NA,NA,NA,NA,NA,13
"395","Iran",2012,2,NA,2,NA,NA,NA,NA,NA,1,5
"396","Iran",2013,4,1,3,NA,NA,NA,1,NA,2,11
"397","Iran",2014,5,1,2,NA,NA,NA,1,NA,NA,9
"398","Iran",2015,4,NA,4,NA,NA,NA,NA,NA,1,9
"399","Iran",2016,1,1,7,NA,NA,NA,NA,NA,1,10
"400","Iran",2017,5,1,2,NA,NA,1,1,NA,1,11
"401","Iraq",2007,217,37,737,3,NA,1,48,NA,4,1047
"402","Iraq",2008,164,68,830,NA,NA,NA,39,NA,5,1106
"403","Iraq",2009,122,73,913,6,NA,NA,16,NA,7,1137
"404","Iraq",2010,157,147,853,2,NA,1,14,1,4,1179
"405","Iraq",2011,297,153,816,6,NA,NA,28,1,7,1308
"406","Iraq",2012,247,58,1118,2,1,NA,7,NA,4,1437
"407","Iraq",2013,491,165,2128,6,1,10,39,NA,12,2852
"408","Iraq",2014,543,173,2871,32,6,6,185,NA,117,3933
"409","Iraq",2015,145,86,2200,9,NA,2,134,NA,175,2751
"410","Iraq",2016,169,53,2760,51,NA,2,136,1,188,3360
"411","Iraq",2017,187,50,1866,22,2,2,115,2,220,2466
"412","Ireland",2007,NA,NA,1,NA,NA,NA,NA,NA,NA,1
"413","Ireland",2008,NA,NA,3,2,NA,NA,NA,NA,NA,5
"414","Ireland",2010,1,NA,NA,2,NA,NA,NA,1,NA,4
"415","Ireland",2011,1,NA,3,NA,NA,NA,NA,NA,NA,4
"416","Ireland",2012,1,NA,28,NA,NA,NA,NA,NA,NA,29
"417","Ireland",2013,1,NA,25,1,NA,NA,NA,NA,NA,27
"418","Ireland",2014,NA,NA,24,9,NA,NA,NA,NA,NA,33
"419","Ireland",2015,1,NA,25,2,NA,NA,NA,NA,NA,28
"420","Ireland",2016,1,1,10,2,NA,NA,NA,1,NA,15
"421","Ireland",2017,1,NA,15,1,NA,NA,NA,NA,NA,17
"422","Israel",2007,4,NA,48,NA,NA,NA,1,NA,NA,53
"423","Israel",2008,9,NA,124,NA,NA,NA,NA,1,NA,134
"424","Israel",2009,NA,NA,35,NA,NA,NA,NA,1,NA,36
"425","Israel",2010,NA,NA,14,NA,NA,NA,NA,NA,NA,14
"426","Israel",2011,3,NA,47,1,NA,NA,NA,NA,NA,51
"427","Israel",2012,3,NA,61,1,NA,NA,NA,NA,NA,65
"428","Israel",2013,5,1,26,5,NA,NA,NA,NA,NA,37
"429","Israel",2014,16,NA,270,4,NA,NA,1,2,NA,293
"430","Israel",2015,35,1,14,2,NA,NA,NA,4,2,58
"431","Israel",2016,24,NA,16,9,NA,NA,1,NA,NA,50
"432","Israel",2017,14,NA,17,1,NA,NA,NA,NA,NA,32
"433","Italy",2008,NA,NA,NA,NA,NA,NA,1,1,NA,2
"434","Italy",2009,NA,NA,4,NA,NA,NA,NA,NA,NA,4
"435","Italy",2010,NA,1,9,NA,NA,NA,NA,NA,NA,10
"436","Italy",2011,2,NA,3,NA,NA,NA,NA,NA,NA,5
"437","Italy",2012,1,1,7,1,NA,NA,NA,NA,NA,10
"438","Italy",2013,1,NA,4,NA,NA,NA,NA,2,NA,7
"439","Italy",2014,NA,NA,4,2,NA,NA,NA,1,NA,7
"440","Italy",2015,1,NA,1,1,NA,NA,1,1,NA,5
"441","Italy",2016,1,NA,9,1,NA,NA,NA,NA,NA,11
"442","Italy",2017,1,1,5,1,NA,NA,NA,NA,NA,8
"443","Ivory Coast",2007,NA,NA,1,NA,NA,NA,NA,NA,NA,1
"444","Ivory Coast",2010,4,NA,NA,NA,NA,NA,NA,NA,3,7
"445","Ivory Coast",2011,1,NA,2,NA,NA,NA,NA,NA,NA,3
"446","Ivory Coast",2012,14,NA,NA,NA,NA,NA,1,NA,1,16
"447","Ivory Coast",2013,3,1,NA,NA,NA,NA,NA,NA,NA,4
"448","Ivory Coast",2014,1,NA,NA,NA,NA,NA,NA,NA,NA,1
"449","Ivory Coast",2015,3,NA,NA,NA,NA,NA,1,NA,NA,4
"450","Ivory Coast",2016,1,NA,NA,NA,NA,NA,NA,NA,NA,1
"451","Ivory Coast",2017,8,NA,NA,4,NA,1,NA,NA,NA,13
"452","Jamaica",2007,1,NA,NA,NA,NA,NA,NA,NA,NA,1
"453","Jamaica",2014,1,NA,NA,NA,NA,NA,NA,NA,NA,1
"454","Jamaica",2017,NA,NA,NA,2,NA,NA,NA,NA,NA,2
"455","Japan",2008,NA,NA,2,1,NA,NA,NA,NA,NA,3
"456","Japan",2009,NA,NA,NA,1,NA,NA,NA,NA,NA,1
"457","Japan",2013,NA,NA,1,NA,NA,NA,NA,NA,NA,1
"458","Japan",2014,NA,NA,5,NA,NA,NA,NA,NA,NA,5
"459","Japan",2015,NA,NA,2,8,NA,NA,NA,NA,NA,10
"460","Japan",2016,NA,NA,NA,NA,NA,1,NA,NA,NA,1
"461","Jordan",2010,NA,NA,2,NA,NA,NA,NA,NA,NA,2
"462","Jordan",2012,1,1,NA,NA,NA,NA,NA,NA,NA,2
"463","Jordan",2013,NA,NA,1,NA,NA,NA,NA,NA,NA,1
"464","Jordan",2014,2,NA,1,NA,NA,NA,NA,NA,NA,3
"465","Jordan",2015,1,NA,1,2,NA,NA,NA,NA,NA,4
"466","Jordan",2016,4,1,2,1,NA,1,NA,NA,NA,9
"467","Jordan",2017,2,NA,NA,6,NA,NA,NA,NA,NA,8
"468","Kazakhstan",2008,NA,NA,1,NA,NA,NA,NA,NA,NA,1
"469","Kazakhstan",2011,1,NA,4,NA,NA,NA,NA,NA,NA,5
"470","Kazakhstan",2012,2,1,NA,1,NA,NA,NA,NA,NA,4
"471","Kazakhstan",2013,NA,NA,NA,3,NA,NA,NA,1,NA,4
"472","Kazakhstan",2016,2,NA,NA,NA,1,NA,NA,NA,NA,3
"473","Kenya",2007,6,1,1,1,NA,NA,1,1,1,12
"474","Kenya",2008,9,NA,1,1,NA,NA,NA,NA,NA,11
"475","Kenya",2009,NA,NA,NA,NA,NA,NA,1,NA,NA,1
"476","Kenya",2010,8,NA,4,NA,NA,NA,NA,NA,NA,12
"477","Kenya",2011,9,NA,29,NA,NA,NA,3,NA,1,42
"478","Kenya",2012,27,4,42,2,NA,NA,4,NA,1,80
"479","Kenya",2013,33,2,33,4,1,1,4,1,1,80
"480","Kenya",2014,47,6,46,NA,5,1,9,NA,1,115
"481","Kenya",2015,24,6,28,NA,2,6,1,NA,4,71
"482","Kenya",2016,19,1,33,2,NA,4,4,NA,2,65
"483","Kenya",2017,24,1,40,11,7,1,12,NA,1,97
"484","Kosovo",2007,1,1,3,NA,NA,NA,NA,NA,NA,5
"485","Kosovo",2008,2,NA,9,NA,NA,NA,NA,NA,NA,11
"486","Kosovo",2009,1,NA,NA,NA,NA,NA,NA,NA,NA,1
"487","Kosovo",2010,NA,NA,1,NA,NA,NA,NA,NA,NA,1
"488","Kosovo",2011,NA,NA,1,NA,NA,NA,NA,NA,NA,1
"489","Kosovo",2012,2,NA,2,NA,NA,NA,NA,NA,NA,4
"490","Kosovo",2013,1,1,2,1,NA,NA,NA,NA,1,6
"491","Kosovo",2014,1,2,1,NA,NA,NA,NA,NA,NA,4
"492","Kosovo",2015,1,NA,1,NA,NA,NA,NA,NA,NA,2
"493","Kosovo",2016,1,1,4,2,NA,NA,NA,NA,NA,8
"494","Kosovo",2017,NA,1,3,2,NA,NA,NA,2,NA,8
"495","Kuwait",2011,NA,NA,1,NA,NA,NA,NA,NA,NA,1
"496","Kuwait",2015,NA,NA,1,NA,NA,NA,NA,NA,NA,1
"497","Kuwait",2016,NA,NA,1,NA,NA,NA,NA,1,NA,2
"498","Kyrgyzstan",2007,NA,NA,NA,NA,NA,NA,NA,1,NA,1
"499","Kyrgyzstan",2010,NA,NA,1,NA,NA,NA,NA,NA,NA,1
"500","Kyrgyzstan",2011,NA,NA,1,NA,NA,NA,NA,NA,NA,1
"501","Kyrgyzstan",2014,NA,1,1,NA,NA,NA,NA,NA,NA,2
"502","Kyrgyzstan",2015,2,NA,NA,1,NA,NA,NA,NA,NA,3
"503","Kyrgyzstan",2016,NA,1,3,NA,NA,NA,NA,NA,NA,4
"504","Kyrgyzstan",2017,NA,NA,1,1,NA,NA,NA,NA,NA,2
"505","Laos",2012,1,NA,NA,NA,NA,NA,NA,NA,NA,1
"506","Laos",2015,NA,NA,2,NA,NA,NA,NA,NA,NA,2
"507","Laos",2016,3,NA,1,NA,NA,NA,NA,NA,NA,4
"508","Laos",2017,1,NA,NA,NA,NA,NA,NA,NA,NA,1
"509","Latvia",2007,NA,NA,1,NA,NA,NA,NA,NA,NA,1
"510","Latvia",2017,NA,NA,NA,1,NA,NA,NA,NA,NA,1
"511","Lebanon",2007,2,NA,16,NA,NA,NA,NA,NA,NA,18
"512","Lebanon",2008,21,2,29,4,NA,NA,2,NA,NA,58
"513","Lebanon",2009,2,NA,12,NA,NA,NA,NA,NA,NA,14
"514","Lebanon",2010,1,NA,4,NA,NA,NA,NA,NA,NA,5
"515","Lebanon",2011,1,NA,9,NA,NA,NA,NA,NA,NA,10
"516","Lebanon",2012,4,2,8,NA,NA,NA,1,NA,NA,15
"517","Lebanon",2013,23,5,85,1,NA,NA,4,3,NA,121
"518","Lebanon",2014,51,7,116,7,NA,NA,21,1,1,204
"519","Lebanon",2015,7,4,22,1,NA,NA,9,NA,1,44
"520","Lebanon",2016,9,3,24,1,NA,NA,3,NA,1,41
"521","Lebanon",2017,4,3,14,NA,NA,NA,1,NA,1,23
"522","Lesotho",2009,NA,NA,NA,NA,NA,NA,1,NA,NA,1
"523","Lesotho",2015,1,NA,NA,NA,NA,NA,NA,NA,NA,1
"524","Liberia",2008,1,NA,NA,NA,NA,NA,NA,NA,NA,1
"525","Liberia",2012,NA,NA,NA,1,NA,NA,NA,NA,NA,1
"526","Liberia",2014,NA,NA,NA,1,NA,NA,NA,NA,NA,1
"527","Liberia",2017,NA,1,NA,NA,NA,NA,NA,NA,NA,1
"528","Libya",2007,NA,NA,NA,NA,1,NA,NA,NA,NA,1
"529","Libya",2008,NA,NA,NA,NA,1,NA,NA,NA,NA,1
"530","Libya",2011,2,NA,NA,NA,NA,NA,NA,NA,NA,2
"531","Libya",2012,13,11,24,5,NA,NA,4,NA,NA,57
"532","Libya",2013,83,50,122,9,1,NA,23,NA,3,291
"533","Libya",2014,174,75,304,30,4,2,114,1,24,728
"534","Libya",2015,62,23,269,13,5,2,111,4,54,543
"535","Libya",2016,45,17,167,23,5,3,130,NA,32,422
"536","Libya",2017,31,16,68,12,5,4,40,2,12,190
"537","Macedonia",2007,1,NA,NA,NA,NA,NA,NA,NA,NA,1
"538","Macedonia",2008,4,NA,3,2,NA,NA,NA,NA,NA,9
"539","Macedonia",2009,NA,NA,NA,NA,NA,NA,NA,1,NA,1
"540","Macedonia",2012,1,NA,NA,NA,NA,NA,NA,NA,NA,1
"541","Macedonia",2014,NA,NA,3,NA,NA,NA,NA,NA,NA,3
"542","Macedonia",2015,NA,NA,3,NA,NA,1,NA,NA,NA,4
"543","Macedonia",2017,NA,NA,NA,1,NA,NA,NA,NA,NA,1
"544","Madagascar",2009,1,NA,NA,NA,NA,NA,NA,NA,NA,1
"545","Madagascar",2011,NA,1,NA,NA,NA,NA,NA,NA,NA,1
"546","Madagascar",2012,NA,NA,1,NA,NA,NA,NA,NA,NA,1
"547","Madagascar",2013,NA,NA,1,1,NA,NA,NA,NA,NA,2
"548","Madagascar",2014,NA,NA,1,NA,NA,NA,NA,NA,NA,1
"549","Madagascar",2016,NA,NA,1,NA,NA,NA,NA,NA,NA,1
"550","Malawi",2017,NA,NA,NA,1,NA,NA,NA,NA,NA,1
"551","Malaysia",2008,NA,NA,2,NA,NA,NA,NA,NA,NA,2
"552","Malaysia",2009,1,NA,NA,NA,NA,NA,NA,NA,NA,1
"553","Malaysia",2012,1,NA,NA,NA,NA,NA,1,NA,NA,2
"554","Malaysia",2013,NA,NA,6,6,NA,NA,1,NA,NA,13
"555","Malaysia",2014,1,1,2,3,NA,NA,4,NA,1,12
"556","Malaysia",2015,2,NA,NA,1,NA,NA,1,1,NA,5
"557","Malaysia",2016,NA,1,2,3,1,1,11,NA,NA,19
"558","Malaysia",2017,3,NA,NA,NA,NA,NA,1,NA,NA,4
"559","Maldives",2007,NA,NA,1,NA,NA,NA,NA,NA,NA,1
"560","Maldives",2008,NA,1,NA,NA,NA,NA,NA,NA,NA,1
"561","Maldives",2012,NA,1,NA,NA,NA,NA,NA,NA,NA,1
"562","Maldives",2013,2,NA,NA,NA,NA,1,NA,NA,NA,3
"563","Maldives",2014,NA,NA,NA,8,NA,NA,1,NA,NA,9
"564","Maldives",2015,NA,1,1,NA,NA,NA,NA,NA,NA,2
"565","Maldives",2016,NA,NA,NA,NA,NA,NA,NA,NA,1,1
"566","Maldives",2017,NA,1,NA,1,NA,NA,NA,NA,NA,2
"567","Mali",2007,3,NA,1,NA,NA,NA,1,NA,NA,5
"568","Mali",2008,4,NA,3,NA,NA,NA,2,NA,NA,9
"569","Mali",2009,1,NA,NA,NA,NA,NA,4,NA,1,6
"570","Mali",2010,NA,NA,NA,NA,NA,NA,1,NA,NA,1
"571","Mali",2011,NA,NA,1,1,NA,NA,2,NA,NA,4
"572","Mali",2012,6,1,NA,4,NA,NA,6,1,1,19
"573","Mali",2013,10,NA,40,1,NA,NA,3,NA,4,58
"574","Mali",2014,11,NA,46,NA,1,1,10,NA,NA,69
"575","Mali",2015,43,4,36,6,4,5,12,NA,11,121
"576","Mali",2016,28,5,35,7,2,NA,9,NA,13,99
"577","Mali",2017,48,8,39,4,1,4,17,NA,20,141
"578","Malta",2014,NA,NA,1,NA,NA,NA,NA,NA,NA,1
"579","Malta",2015,NA,NA,1,NA,NA,NA,NA,NA,NA,1
"580","Malta",2017,NA,1,NA,2,NA,NA,NA,NA,NA,3
"581","Mauritania",2008,1,NA,NA,NA,NA,NA,1,NA,NA,2
"582","Mauritania",2009,NA,NA,1,NA,NA,NA,4,NA,NA,5
"583","Mauritania",2010,NA,NA,1,NA,NA,NA,NA,NA,NA,1
"584","Mauritania",2011,2,1,NA,NA,NA,NA,NA,NA,NA,3
"585","Mexico",2007,7,1,1,1,NA,NA,NA,NA,NA,10
"586","Mexico",2008,1,NA,4,NA,NA,NA,2,NA,1,8
"587","Mexico",2009,NA,1,NA,NA,NA,NA,NA,NA,NA,1
"588","Mexico",2010,NA,NA,4,NA,NA,NA,1,NA,NA,5
"589","Mexico",2011,NA,NA,2,NA,NA,NA,NA,NA,NA,2
"590","Mexico",2012,4,1,5,1,NA,NA,4,1,NA,16
"591","Mexico",2013,1,2,1,3,NA,NA,1,NA,NA,8
"592","Mexico",2014,NA,1,NA,1,NA,NA,3,NA,NA,5
"593","Mexico",2015,1,6,11,NA,NA,NA,1,NA,NA,19
"594","Mexico",2016,1,4,NA,NA,NA,NA,NA,NA,NA,5
"595","Mexico",2017,4,13,1,NA,NA,1,1,NA,NA,20
"596","Moldova",2009,NA,NA,1,NA,NA,NA,NA,NA,NA,1
"597","Moldova",2012,NA,NA,1,NA,NA,NA,NA,NA,NA,1
"598","Moldova",2016,NA,1,NA,NA,NA,NA,NA,NA,NA,1
"599","Montenegro",2007,NA,NA,1,NA,NA,NA,NA,NA,NA,1
"600","Montenegro",2013,NA,NA,2,NA,NA,NA,NA,NA,NA,2
"601","Montenegro",2015,NA,NA,NA,1,NA,NA,NA,NA,NA,1
"602","Morocco",2007,NA,NA,6,NA,NA,NA,NA,NA,NA,6
"603","Morocco",2011,NA,NA,1,NA,NA,NA,NA,NA,NA,1
"604","Morocco",2015,NA,NA,NA,NA,NA,NA,1,NA,NA,1
"605","Mozambique",2007,NA,NA,1,NA,NA,NA,NA,NA,NA,1
"606","Mozambique",2012,1,NA,NA,NA,NA,NA,NA,NA,NA,1
"607","Mozambique",2013,15,NA,NA,2,NA,NA,1,NA,NA,18
"608","Mozambique",2014,15,NA,NA,2,NA,NA,1,NA,4,22
"609","Mozambique",2015,3,3,NA,NA,NA,NA,2,NA,NA,8
"610","Mozambique",2016,40,10,NA,17,NA,NA,6,NA,6,79
"611","Mozambique",2017,7,3,NA,1,NA,NA,NA,NA,NA,11
"612","Myanmar",2007,NA,NA,3,NA,NA,NA,NA,NA,NA,3
"613","Myanmar",2008,1,NA,19,NA,NA,NA,NA,NA,NA,20
"614","Myanmar",2009,1,NA,12,NA,NA,NA,NA,NA,1,14
"615","Myanmar",2010,NA,1,10,NA,NA,NA,NA,NA,NA,11
"616","Myanmar",2011,NA,NA,2,NA,NA,NA,NA,NA,NA,2
"617","Myanmar",2012,NA,NA,14,NA,NA,NA,2,NA,1,17
"618","Myanmar",2013,1,NA,17,NA,NA,NA,NA,NA,NA,18
"619","Myanmar",2014,2,1,8,NA,NA,NA,2,NA,2,15
"620","Myanmar",2015,11,1,11,6,NA,NA,7,NA,1,37
"621","Myanmar",2016,19,2,31,12,NA,NA,9,NA,1,74
"622","Myanmar",2017,14,6,56,14,NA,NA,14,NA,11,115
"623","Nepal",2007,26,2,16,8,NA,NA,35,NA,3,90
"624","Nepal",2008,20,2,65,4,NA,NA,18,1,10,120
"625","Nepal",2009,7,NA,22,3,NA,NA,2,1,4,39
"626","Nepal",2010,11,NA,20,5,NA,NA,2,NA,NA,38
"627","Nepal",2011,11,1,25,2,NA,NA,2,1,4,46
"628","Nepal",2012,1,2,41,1,NA,NA,1,NA,NA,46
"629","Nepal",2013,17,11,47,18,NA,NA,4,1,6,104
"630","Nepal",2014,1,1,3,1,NA,NA,NA,NA,1,7
"631","Nepal",2015,3,2,20,22,NA,1,NA,NA,NA,48
"632","Nepal",2016,4,2,14,23,NA,NA,NA,NA,NA,43
"633","Nepal",2017,4,58,152,24,NA,NA,8,NA,1,247
"634","Netherlands",2008,NA,NA,NA,1,NA,NA,NA,NA,NA,1
"635","Netherlands",2009,NA,1,NA,NA,NA,NA,NA,NA,NA,1
"636","Netherlands",2010,NA,NA,1,NA,NA,NA,NA,NA,NA,1
"637","Netherlands",2011,NA,NA,NA,2,NA,NA,NA,NA,NA,2
"638","Netherlands",2014,NA,NA,NA,1,NA,NA,NA,NA,NA,1
"639","Netherlands",2015,NA,NA,NA,3,NA,NA,NA,NA,NA,3
"640","Netherlands",2016,2,NA,NA,4,NA,NA,NA,NA,NA,6
"641","Netherlands",2017,NA,NA,NA,1,NA,NA,NA,NA,NA,1
"642","New Zealand",2008,NA,NA,1,NA,NA,NA,NA,4,NA,5
"643","New Zealand",2014,NA,NA,NA,1,NA,NA,NA,NA,NA,1
"644","New Zealand",2016,NA,NA,NA,1,NA,NA,NA,NA,NA,1
"645","Nicaragua",2014,2,NA,NA,NA,NA,NA,NA,NA,NA,2
"646","Niger",2007,2,NA,1,1,NA,NA,3,NA,NA,7
"647","Niger",2008,1,NA,1,NA,NA,NA,7,NA,NA,9
"648","Niger",2009,1,NA,NA,NA,NA,NA,1,NA,2,4
"649","Niger",2010,1,NA,NA,NA,NA,NA,2,NA,NA,3
"650","Niger",2011,1,NA,NA,NA,NA,NA,1,NA,NA,2
"651","Niger",2012,NA,NA,NA,NA,NA,NA,1,NA,NA,1
"652","Niger",2013,2,NA,2,NA,NA,NA,NA,NA,NA,4
"653","Niger",2014,5,NA,NA,NA,NA,NA,NA,NA,NA,5
"654","Niger",2015,22,NA,11,1,NA,NA,NA,NA,7,41
"655","Niger",2016,7,1,5,3,NA,NA,2,NA,7,25
"656","Niger",2017,7,NA,1,2,NA,NA,3,NA,NA,13
"657","Nigeria",2007,16,4,4,4,NA,1,32,NA,NA,61
"658","Nigeria",2008,18,1,18,5,2,NA,29,1,2,76
"659","Nigeria",2009,9,NA,16,6,NA,NA,5,NA,6,42
"660","Nigeria",2010,18,6,20,2,NA,NA,11,NA,6,63
"661","Nigeria",2011,82,3,83,4,NA,NA,3,NA,NA,175
"662","Nigeria",2012,247,32,220,81,NA,4,24,1,7,616
"663","Nigeria",2013,196,27,55,17,NA,NA,45,NA,6,346
"664","Nigeria",2014,373,27,130,53,3,2,106,2,18,714
"665","Nigeria",2015,319,26,203,16,NA,4,44,NA,26,638
"666","Nigeria",2016,240,27,174,19,3,3,53,1,13,533
"667","Nigeria",2017,179,29,153,22,1,4,77,1,18,484
"668","Norway",2010,1,NA,NA,NA,NA,NA,NA,NA,NA,1
"669","Norway",2011,1,NA,1,NA,1,NA,NA,NA,NA,3
"670","Norway",2017,NA,NA,1,NA,NA,NA,NA,NA,NA,1
"671","Pakistan",2007,41,10,178,7,NA,2,22,NA,NA,260
"672","Pakistan",2008,120,19,295,42,3,2,74,3,10,568
"673","Pakistan",2009,118,29,419,18,3,NA,56,2,22,667
"674","Pakistan",2010,177,44,379,17,NA,3,79,1,13,713
"675","Pakistan",2011,304,42,553,25,1,NA,71,1,15,1012
"676","Pakistan",2012,422,74,1038,18,1,4,71,1,25,1654
"677","Pakistan",2013,525,161,1320,64,1,5,115,4,20,2215
"678","Pakistan",2014,640,124,1205,36,1,7,106,3,29,2151
"679","Pakistan",2015,360,149,627,24,2,4,58,1,18,1243
"680","Pakistan",2016,274,82,429,9,NA,6,55,NA,9,864
"681","Pakistan",2017,203,67,389,4,NA,2,40,2,12,719
"682","Panama",2009,1,NA,NA,NA,NA,NA,NA,NA,NA,1
"683","Panama",2016,1,NA,NA,NA,NA,NA,NA,NA,NA,1
"684","Papua New Guinea",2007,NA,NA,NA,NA,NA,1,NA,NA,NA,1
"685","Papua New Guinea",2017,1,NA,1,4,NA,NA,2,NA,NA,8
"686","Paraguay",2010,2,NA,NA,NA,NA,NA,NA,NA,NA,2
"687","Paraguay",2011,NA,NA,3,NA,NA,NA,1,NA,NA,4
"688","Paraguay",2012,1,NA,2,1,NA,NA,NA,NA,NA,4
"689","Paraguay",2013,3,2,2,1,NA,NA,2,NA,NA,10
"690","Paraguay",2014,3,NA,3,4,NA,1,3,NA,1,15
"691","Paraguay",2015,5,NA,1,3,NA,2,6,NA,2,19
"692","Paraguay",2016,4,1,2,4,NA,NA,4,NA,NA,15
"693","Paraguay",2017,2,NA,NA,2,NA,1,5,NA,NA,10
"694","Peru",2007,3,NA,1,NA,NA,NA,NA,NA,NA,4
"695","Peru",2008,NA,NA,NA,NA,1,NA,NA,NA,NA,1
"696","Peru",2009,1,NA,3,NA,NA,NA,NA,NA,NA,4
"697","Peru",2012,2,NA,NA,1,NA,NA,2,NA,1,6
"698","Peru",2013,3,1,2,2,NA,NA,1,NA,1,10
"699","Peru",2014,7,NA,3,NA,NA,NA,1,NA,1,12
"700","Peru",2015,1,4,3,NA,NA,NA,NA,NA,2,10
"701","Peru",2016,NA,1,NA,NA,NA,NA,NA,NA,2,3
"702","Peru",2017,2,2,1,NA,NA,NA,2,NA,1,8
"703","Philippines",2007,20,4,31,2,NA,NA,7,NA,1,65
"704","Philippines",2008,76,12,107,34,NA,NA,32,NA,15,276
"705","Philippines",2009,63,13,100,26,2,1,16,NA,8,229
"706","Philippines",2010,91,10,56,29,1,1,13,NA,4,205
"707","Philippines",2011,45,11,53,22,1,NA,13,NA,6,151
"708","Philippines",2012,83,22,111,14,1,1,13,NA,4,249
"709","Philippines",2013,231,109,181,52,1,3,60,1,13,651
"710","Philippines",2014,243,67,162,46,1,1,55,NA,22,597
"711","Philippines",2015,273,105,227,44,2,5,49,NA,16,721
"712","Philippines",2016,186,151,200,29,8,9,41,NA,8,632
"713","Philippines",2017,217,105,168,81,11,15,56,1,38,692
"714","Poland",2010,1,NA,NA,NA,NA,NA,NA,NA,NA,1
"715","Poland",2016,NA,NA,2,NA,NA,NA,NA,NA,NA,2
"716","Poland",2017,NA,NA,1,NA,NA,NA,NA,NA,NA,1
"717","Portugal",2011,NA,NA,NA,2,NA,NA,NA,NA,NA,2
"718","Qatar",2015,NA,NA,NA,NA,NA,NA,NA,NA,1,1
"719","Republic of the Congo",2013,NA,NA,1,NA,NA,NA,NA,NA,NA,1
"720","Republic of the Congo",2016,1,NA,11,1,NA,NA,2,NA,NA,15
"721","Romania",2008,1,NA,NA,NA,NA,NA,NA,NA,NA,1
"722","Russia",2007,31,1,15,3,NA,NA,NA,NA,1,51
"723","Russia",2008,58,13,88,8,NA,NA,2,NA,1,170
"724","Russia",2009,48,16,81,NA,NA,NA,7,NA,NA,152
"725","Russia",2010,62,31,145,9,1,1,2,NA,NA,251
"726","Russia",2011,60,21,101,2,NA,NA,3,NA,1,188
"727","Russia",2012,45,14,88,NA,NA,NA,1,2,1,151
"728","Russia",2013,43,11,80,6,NA,NA,2,2,NA,144
"729","Russia",2014,19,2,24,1,NA,NA,1,1,NA,48
"730","Russia",2015,11,4,4,2,NA,NA,NA,NA,NA,21
"731","Russia",2016,23,4,19,3,NA,1,1,2,2,55
"732","Russia",2017,13,4,7,6,NA,NA,NA,3,NA,33
"733","Rwanda",2008,NA,NA,1,NA,NA,NA,NA,NA,NA,1
"734","Rwanda",2009,NA,NA,1,NA,NA,NA,NA,NA,NA,1
"735","Rwanda",2010,1,NA,7,NA,NA,NA,NA,NA,NA,8
"736","Rwanda",2011,NA,NA,2,NA,NA,NA,NA,NA,NA,2
"737","Rwanda",2012,1,NA,5,NA,NA,NA,NA,NA,NA,6
"738","Rwanda",2013,NA,NA,4,NA,NA,NA,NA,NA,NA,4
"739","Rwanda",2014,NA,NA,2,NA,NA,NA,NA,NA,NA,2
"740","Rwanda",2016,1,NA,NA,NA,NA,NA,NA,NA,NA,1
"741","Rwanda",2017,1,NA,NA,NA,NA,NA,1,NA,NA,2
"742","Saudi Arabia",2007,1,NA,NA,NA,NA,NA,NA,NA,NA,1
"743","Saudi Arabia",2009,2,1,NA,NA,NA,NA,NA,NA,NA,3
"744","Saudi Arabia",2011,1,NA,NA,1,NA,NA,NA,NA,NA,2
"745","Saudi Arabia",2012,6,NA,NA,NA,NA,NA,NA,NA,NA,6
"746","Saudi Arabia",2013,4,NA,1,1,NA,NA,NA,NA,NA,6
"747","Saudi Arabia",2014,11,1,2,NA,NA,NA,NA,NA,NA,14
"748","Saudi Arabia",2015,21,NA,75,2,NA,NA,2,NA,3,103
"749","Saudi Arabia",2016,24,3,87,2,NA,NA,2,NA,6,124
"750","Saudi Arabia",2017,8,1,42,2,NA,NA,1,NA,NA,54
"751","Senegal",2007,1,NA,NA,NA,NA,NA,NA,NA,NA,1
"752","Senegal",2008,1,NA,1,NA,NA,NA,NA,NA,NA,2
"753","Senegal",2009,2,NA,NA,NA,NA,NA,NA,NA,1,3
"754","Senegal",2010,1,NA,NA,NA,NA,NA,NA,NA,NA,1
"755","Senegal",2011,3,NA,NA,NA,NA,NA,1,NA,NA,4
"756","Senegal",2012,3,NA,3,NA,1,NA,NA,NA,5,12
"757","Senegal",2013,1,NA,1,NA,NA,NA,1,NA,NA,3
"758","Senegal",2014,NA,NA,1,NA,1,NA,NA,NA,NA,2
"759","Senegal",2015,1,NA,NA,NA,NA,NA,1,NA,NA,2
"760","Serbia",2008,2,NA,2,NA,NA,NA,NA,NA,NA,4
"761","Serbia",2009,NA,1,1,1,NA,NA,NA,NA,NA,3
"762","Serbia",2010,NA,NA,1,NA,NA,NA,NA,NA,NA,1
"763","Serbia",2012,2,NA,1,NA,NA,NA,NA,NA,NA,3
"764","Serbia",2017,NA,NA,NA,NA,NA,NA,NA,NA,1,1
"765","Sierra Leone",2016,NA,1,NA,NA,NA,NA,NA,NA,NA,1
"766","Sierra Leone",2017,NA,NA,NA,2,NA,NA,NA,NA,1,3
"767","Slovak Republic",2016,NA,NA,NA,NA,NA,NA,NA,1,NA,1
"768","Somalia",2007,48,14,88,3,1,NA,2,NA,NA,156
"769","Somalia",2008,61,17,66,2,1,NA,18,NA,7,172
"770","Somalia",2009,35,8,48,2,1,NA,18,2,8,122
"771","Somalia",2010,28,15,43,2,1,NA,26,3,12,130
"772","Somalia",2011,45,14,53,8,1,NA,53,3,8,185
"773","Somalia",2012,82,37,180,NA,NA,NA,8,NA,18,325
"774","Somalia",2013,88,26,167,3,1,NA,7,NA,50,342
"775","Somalia",2014,282,72,278,14,3,1,69,NA,153,872
"776","Somalia",2015,131,55,135,5,3,5,37,NA,47,418
"777","Somalia",2016,155,83,259,15,4,3,47,NA,36,602
"778","Somalia",2017,152,107,280,6,1,2,33,1,32,614
"779","South Africa",2007,NA,1,NA,1,NA,NA,NA,NA,NA,2
"780","South Africa",2008,NA,NA,1,NA,NA,NA,NA,NA,NA,1
"781","South Africa",2012,1,3,NA,NA,NA,NA,NA,NA,NA,4
"782","South Africa",2013,1,4,2,6,NA,NA,NA,NA,NA,13
"783","South Africa",2014,2,3,3,12,NA,NA,NA,NA,NA,20
"784","South Africa",2015,1,3,1,NA,NA,NA,NA,NA,NA,5
"785","South Africa",2016,2,22,NA,3,NA,NA,NA,NA,NA,27
"786","South Africa",2017,9,15,1,4,NA,NA,NA,NA,NA,29
"787","South Korea",2015,NA,1,NA,NA,NA,NA,NA,NA,NA,1
"788","South Korea",2016,NA,NA,NA,1,NA,NA,NA,NA,NA,1
"789","South Sudan",2012,2,NA,NA,NA,NA,NA,2,NA,1,5
"790","South Sudan",2013,8,NA,NA,2,NA,NA,3,NA,NA,13
"791","South Sudan",2014,13,2,1,4,NA,NA,9,NA,11,40
"792","South Sudan",2015,15,7,6,2,NA,NA,8,NA,16,54
"793","South Sudan",2016,27,3,2,2,NA,NA,20,NA,5,59
"794","South Sudan",2017,22,2,NA,1,NA,NA,10,1,18,54
"795","Spain",2007,NA,NA,8,2,NA,NA,1,NA,NA,11
"796","Spain",2008,1,NA,32,4,NA,NA,NA,NA,NA,37
"797","Spain",2009,2,1,14,4,NA,NA,NA,NA,NA,21
"798","Spain",2010,NA,NA,2,1,NA,NA,NA,NA,NA,3
"799","Spain",2012,NA,NA,1,NA,NA,NA,NA,NA,NA,1
"800","Spain",2013,NA,NA,5,NA,NA,NA,NA,NA,NA,5
"801","Spain",2014,NA,NA,3,1,NA,NA,NA,NA,NA,4
"802","Spain",2015,NA,NA,NA,1,NA,NA,NA,NA,NA,1
"803","Spain",2016,NA,NA,NA,2,NA,NA,NA,1,NA,3
"804","Spain",2017,1,NA,NA,NA,1,NA,NA,2,NA,4
"805","Sri Lanka",2007,33,6,87,1,NA,NA,3,NA,2,132
"806","Sri Lanka",2008,29,4,59,1,NA,NA,4,1,2,100
"807","Sri Lanka",2009,11,NA,22,1,NA,1,2,NA,NA,37
"808","Sri Lanka",2010,NA,NA,2,1,NA,NA,NA,NA,NA,3
"809","Sri Lanka",2012,1,NA,3,NA,NA,NA,NA,NA,NA,4
"810","Sri Lanka",2013,2,1,4,4,NA,NA,NA,1,2,14
"811","Sri Lanka",2014,1,1,1,9,NA,NA,2,NA,2,16
"812","Sri Lanka",2015,3,NA,7,1,NA,NA,NA,NA,NA,11
"813","Sri Lanka",2016,NA,NA,1,NA,NA,NA,NA,NA,NA,1
"814","Sri Lanka",2017,17,2,NA,20,NA,NA,NA,1,1,41
"815","Sudan",2007,11,1,3,NA,2,NA,2,NA,4,23
"816","Sudan",2008,18,1,2,NA,2,NA,6,NA,3,32
"817","Sudan",2009,12,3,NA,4,NA,NA,5,NA,2,26
"818","Sudan",2010,12,1,1,1,3,NA,8,1,1,28
"819","Sudan",2011,19,NA,4,3,1,NA,4,NA,7,38
"820","Sudan",2012,18,3,10,1,NA,1,6,NA,1,40
"821","Sudan",2013,21,NA,10,2,2,NA,8,NA,3,46
"822","Sudan",2014,64,1,6,15,4,1,52,4,10,157
"823","Sudan",2015,59,3,7,4,8,1,49,11,16,158
"824","Sudan",2016,69,3,11,7,8,NA,65,4,6,173
"825","Sudan",2017,49,1,NA,7,9,2,29,6,3,106
"826","Swaziland",2008,NA,NA,3,NA,NA,NA,NA,NA,NA,3
"827","Sweden",2008,NA,NA,1,NA,NA,NA,NA,NA,NA,1
"828","Sweden",2009,NA,NA,NA,1,NA,NA,NA,NA,NA,1
"829","Sweden",2010,NA,NA,2,1,NA,NA,NA,NA,NA,3
"830","Sweden",2011,NA,NA,NA,1,NA,NA,NA,NA,NA,1
"831","Sweden",2012,NA,NA,2,NA,NA,NA,NA,NA,NA,2
"832","Sweden",2014,NA,NA,4,1,NA,NA,NA,NA,NA,5
"833","Sweden",2015,5,NA,1,26,NA,NA,NA,NA,NA,32
"834","Sweden",2016,1,NA,3,12,NA,NA,NA,NA,NA,16
"835","Sweden",2017,5,NA,3,7,1,NA,NA,2,NA,18
"836","Switzerland",2007,1,NA,NA,1,NA,NA,NA,NA,NA,2
"837","Switzerland",2011,NA,NA,3,NA,NA,NA,NA,NA,NA,3
"838","Switzerland",2013,NA,NA,2,NA,NA,NA,NA,NA,NA,2
"839","Switzerland",2016,1,NA,NA,NA,NA,NA,NA,NA,NA,1
"840","Syria",2008,NA,NA,1,NA,NA,NA,NA,NA,NA,1
"841","Syria",2011,15,NA,26,1,NA,NA,5,NA,2,49
"842","Syria",2012,16,9,129,2,NA,NA,20,NA,4,180
"843","Syria",2013,20,10,193,2,2,NA,51,NA,7,285
"844","Syria",2014,24,5,228,7,NA,1,40,1,25,331
"845","Syria",2015,25,8,350,2,NA,3,57,NA,46,491
"846","Syria",2016,57,4,334,3,NA,NA,54,1,20,473
"847","Syria",2017,23,4,165,1,NA,NA,16,NA,34,243
"848","Taiwan",2008,NA,NA,NA,NA,NA,NA,1,NA,NA,1
"849","Taiwan",2013,NA,NA,2,NA,NA,NA,NA,NA,NA,2
"850","Taiwan",2014,NA,NA,NA,NA,NA,NA,NA,1,NA,1
"851","Taiwan",2016,NA,NA,NA,1,NA,NA,NA,NA,NA,1
"852","Taiwan",2017,1,NA,NA,NA,NA,NA,NA,NA,NA,1
"853","Tajikistan",2007,NA,NA,1,NA,NA,NA,NA,NA,NA,1
"854","Tajikistan",2009,1,NA,NA,NA,NA,NA,NA,NA,NA,1
"855","Tajikistan",2010,NA,NA,1,NA,NA,NA,NA,NA,NA,1
"856","Tajikistan",2012,1,3,1,NA,NA,NA,NA,NA,NA,5
"857","Tajikistan",2014,1,NA,NA,NA,NA,NA,NA,NA,NA,1
"858","Tajikistan",2015,3,NA,NA,NA,NA,NA,NA,NA,NA,3
"859","Tajikistan",2016,NA,NA,NA,NA,NA,NA,1,1,NA,2
"860","Tajikistan",2017,NA,NA,2,NA,NA,NA,NA,NA,NA,2
"861","Tanzania",2008,1,NA,NA,NA,NA,NA,NA,NA,NA,1
"862","Tanzania",2010,NA,NA,NA,1,NA,NA,NA,NA,NA,1
"863","Tanzania",2013,2,NA,2,1,NA,NA,NA,2,NA,7
"864","Tanzania",2014,NA,NA,11,NA,NA,NA,NA,NA,NA,11
"865","Tanzania",2015,1,1,4,7,NA,NA,NA,NA,1,14
"866","Tanzania",2016,NA,1,1,NA,NA,NA,1,NA,NA,3
"867","Tanzania",2017,1,2,NA,NA,NA,NA,3,NA,NA,6
"868","Thailand",2007,127,13,118,35,NA,NA,NA,NA,NA,293
"869","Thailand",2008,97,7,74,17,NA,NA,NA,1,4,200
"870","Thailand",2009,207,14,55,21,NA,NA,NA,NA,1,298
"871","Thailand",2010,112,3,93,45,NA,NA,NA,NA,NA,253
"872","Thailand",2011,89,2,81,8,NA,NA,NA,NA,2,182
"873","Thailand",2012,91,12,157,18,NA,NA,NA,NA,1,279
"874","Thailand",2013,124,17,254,72,NA,NA,1,1,3,472
"875","Thailand",2014,122,11,253,25,3,1,6,1,1,423
"876","Thailand",2015,70,13,191,3,NA,NA,1,NA,NA,278
"877","Thailand",2016,73,19,204,30,3,NA,NA,NA,NA,329
"878","Thailand",2017,38,12,109,11,5,3,1,NA,NA,179
"879","Trinidad and Tobago",2010,NA,NA,NA,1,NA,NA,NA,NA,NA,1
"880","Trinidad and Tobago",2013,3,NA,NA,NA,NA,NA,NA,NA,NA,3
"881","Trinidad and Tobago",2015,1,NA,NA,NA,NA,NA,NA,NA,NA,1
"882","Tunisia",2007,1,NA,NA,NA,NA,NA,NA,NA,NA,1
"883","Tunisia",2008,NA,NA,NA,NA,NA,NA,2,NA,NA,2
"884","Tunisia",2011,1,NA,2,NA,NA,NA,NA,NA,NA,3
"885","Tunisia",2012,NA,NA,NA,3,NA,NA,NA,NA,NA,3
"886","Tunisia",2013,7,3,13,4,NA,NA,NA,NA,2,29
"887","Tunisia",2014,9,1,10,NA,NA,NA,1,NA,2,23
"888","Tunisia",2015,8,1,4,NA,NA,1,2,NA,1,17
"889","Tunisia",2016,8,NA,4,NA,NA,NA,NA,NA,NA,12
"890","Tunisia",2017,2,NA,1,NA,NA,NA,1,NA,NA,4
"891","Turkey",2007,5,1,17,1,1,NA,3,1,NA,29
"892","Turkey",2008,4,NA,24,1,NA,NA,3,NA,NA,32
"893","Turkey",2009,2,NA,7,2,NA,NA,NA,1,1,13
"894","Turkey",2010,1,1,11,5,NA,NA,NA,1,1,20
"895","Turkey",2011,9,1,14,14,1,1,10,NA,1,51
"896","Turkey",2012,60,2,88,16,NA,NA,16,NA,6,188
"897","Turkey",2013,10,NA,19,2,NA,NA,11,NA,NA,42
"898","Turkey",2014,25,7,16,19,1,NA,23,NA,3,94
"899","Turkey",2015,167,15,183,24,1,1,17,1,13,422
"900","Turkey",2016,125,17,334,21,NA,1,9,1,34,542
"901","Turkey",2017,40,8,112,3,NA,NA,7,NA,11,181
"902","Turkmenistan",2014,1,NA,NA,NA,NA,NA,NA,NA,NA,1
"903","Uganda",2007,1,NA,NA,NA,NA,NA,NA,NA,NA,1
"904","Uganda",2008,2,NA,1,NA,NA,NA,4,NA,NA,7
"905","Uganda",2009,NA,NA,2,NA,NA,NA,NA,NA,NA,2
"906","Uganda",2010,NA,NA,4,NA,NA,NA,2,NA,NA,6
"907","Uganda",2012,NA,4,NA,NA,NA,NA,NA,NA,NA,4
"908","Uganda",2014,3,3,NA,NA,NA,NA,NA,NA,NA,6
"909","Uganda",2015,3,4,NA,1,NA,NA,2,NA,NA,10
"910","Uganda",2016,4,3,3,1,NA,NA,1,1,2,15
"911","Uganda",2017,1,7,1,NA,NA,NA,3,NA,1,13
"912","Ukraine",2007,NA,NA,NA,NA,NA,NA,NA,1,NA,1
"913","Ukraine",2008,NA,NA,1,NA,NA,NA,NA,NA,NA,1
"914","Ukraine",2009,NA,NA,2,NA,NA,NA,NA,NA,NA,2
"915","Ukraine",2010,NA,NA,4,NA,NA,NA,NA,NA,NA,4
"916","Ukraine",2011,NA,NA,3,NA,NA,NA,NA,NA,NA,3
"917","Ukraine",2012,NA,NA,7,NA,NA,NA,1,NA,NA,8
"918","Ukraine",2013,NA,NA,1,3,NA,NA,NA,1,NA,5
"919","Ukraine",2014,248,9,418,66,1,7,92,5,49,895
"920","Ukraine",2015,141,7,441,16,NA,1,13,NA,18,637
"921","Ukraine",2016,9,5,28,9,NA,NA,10,NA,NA,61
"922","Ukraine",2017,5,9,31,10,NA,1,4,NA,1,61
"923","United Arab Emirates",2010,NA,NA,2,NA,NA,NA,NA,NA,NA,2
"924","United Arab Emirates",2013,NA,NA,1,NA,NA,NA,NA,NA,NA,1
"925","United Arab Emirates",2014,1,NA,1,NA,NA,NA,NA,NA,NA,2
"926","United Kingdom",2007,3,NA,14,2,NA,NA,NA,1,NA,20
"927","United Kingdom",2008,3,NA,12,22,NA,NA,NA,2,NA,39
"928","United Kingdom",2009,4,NA,8,6,5,NA,NA,NA,NA,23
"929","United Kingdom",2010,10,1,42,2,2,NA,NA,NA,NA,57
"930","United Kingdom",2011,6,NA,30,9,1,NA,NA,1,NA,47
"931","United Kingdom",2012,6,1,37,11,NA,NA,NA,NA,NA,55
"932","United Kingdom",2013,21,1,83,29,2,1,NA,NA,NA,137
"933","United Kingdom",2014,9,NA,51,40,1,NA,NA,2,NA,103
"934","United Kingdom",2015,25,NA,54,29,NA,2,NA,3,1,114
"935","United Kingdom",2016,26,1,31,39,1,NA,4,2,1,105
"936","United Kingdom",2017,35,1,37,40,1,NA,1,7,NA,122
"937","United States",2007,NA,NA,2,6,NA,NA,NA,NA,NA,8
"938","United States",2008,2,NA,2,12,NA,NA,NA,2,NA,18
"939","United States",2009,7,NA,2,2,NA,NA,NA,NA,NA,11
"940","United States",2010,1,NA,3,11,NA,1,NA,1,NA,17
"941","United States",2011,3,NA,3,3,NA,NA,1,NA,NA,10
"942","United States",2012,3,NA,2,15,NA,NA,NA,NA,NA,20
"943","United States",2013,3,NA,6,7,1,NA,NA,3,NA,20
"944","United States",2014,18,NA,5,5,NA,NA,NA,1,NA,29
"945","United States",2015,12,NA,6,16,NA,2,NA,2,NA,38
"946","United States",2016,17,2,8,35,NA,1,NA,1,NA,64
"947","United States",2017,31,1,5,23,NA,1,1,3,NA,65
"948","Uruguay",2016,1,NA,NA,NA,NA,NA,NA,NA,NA,1
"949","Uzbekistan",2009,NA,NA,2,NA,NA,NA,NA,NA,NA,2
"950","Uzbekistan",2015,NA,NA,NA,1,NA,NA,NA,NA,NA,1
"951","Venezuela",2007,2,NA,NA,NA,NA,NA,NA,NA,NA,2
"952","Venezuela",2008,NA,NA,1,NA,NA,NA,NA,NA,NA,1
"953","Venezuela",2009,NA,NA,1,NA,NA,1,1,NA,NA,3
"954","Venezuela",2012,NA,1,NA,NA,NA,NA,NA,NA,NA,1
"955","Venezuela",2013,1,NA,NA,NA,NA,NA,NA,NA,NA,1
"956","Venezuela",2014,1,NA,NA,2,NA,NA,1,NA,NA,4
"957","Venezuela",2015,NA,1,1,1,NA,NA,NA,NA,NA,3
"958","Venezuela",2016,1,1,3,1,NA,NA,NA,NA,NA,6
"959","Venezuela",2017,4,3,5,2,NA,2,1,NA,NA,17
"960","Vietnam",2017,NA,NA,NA,2,NA,NA,NA,NA,NA,2
"961","West Bank and Gaza Strip",2007,40,3,26,3,NA,NA,16,NA,NA,88
"962","West Bank and Gaza Strip",2008,19,1,32,8,NA,NA,1,2,NA,63
"963","West Bank and Gaza Strip",2009,3,NA,4,2,NA,NA,NA,NA,1,10
"964","West Bank and Gaza Strip",2010,3,NA,2,6,NA,NA,NA,NA,NA,11
"965","West Bank and Gaza Strip",2011,3,NA,8,6,NA,NA,2,1,NA,20
"966","West Bank and Gaza Strip",2012,4,1,12,6,NA,NA,NA,NA,NA,23
"967","West Bank and Gaza Strip",2013,26,3,22,10,NA,NA,2,1,NA,64
"968","West Bank and Gaza Strip",2014,35,2,69,10,NA,NA,10,6,1,133
"969","West Bank and Gaza Strip",2015,154,5,36,18,NA,NA,1,31,1,246
"970","West Bank and Gaza Strip",2016,115,1,20,10,1,NA,NA,10,NA,157
"971","West Bank and Gaza Strip",2017,49,1,17,6,NA,NA,2,8,NA,83
"972","Western Sahara",2007,NA,NA,1,NA,NA,NA,NA,NA,NA,1
"973","Yemen",2007,3,NA,3,NA,NA,NA,NA,NA,1,7
"974","Yemen",2008,4,1,16,NA,NA,NA,1,NA,NA,22
"975","Yemen",2009,6,1,6,1,NA,NA,8,NA,1,23
"976","Yemen",2010,45,14,34,2,NA,NA,6,NA,11,112
"977","Yemen",2011,41,18,38,3,NA,NA,8,1,9,118
"978","Yemen",2012,97,44,133,8,NA,2,21,NA,7,312
"979","Yemen",2013,118,67,149,26,1,1,46,1,16,425
"980","Yemen",2014,170,101,284,42,8,3,82,2,71,763
"981","Yemen",2015,83,68,291,8,1,3,107,NA,103,664
"982","Yemen",2016,50,61,275,3,NA,1,38,NA,97,525
"983","Yemen",2017,31,36,93,4,NA,2,23,NA,37,226
"984","Zambia",2017,NA,NA,NA,2,NA,NA,NA,NA,NA,2
"985","Zimbabwe",2007,NA,NA,1,NA,NA,NA,NA,NA,NA,1
"986","Zimbabwe",2008,2,NA,3,NA,NA,NA,NA,NA,NA,5
"987","Zimbabwe",2010,1,NA,NA,NA,NA,NA,NA,NA,NA,1
"988","Zimbabwe",2011,NA,NA,1,NA,NA,NA,NA,NA,NA,1
"989","Zimbabwe",2013,2,NA,NA,1,NA,NA,NA,NA,NA,3
"990","Zimbabwe",2014,NA,NA,NA,1,NA,NA,NA,NA,NA,1
"991","Zimbabwe",2017,NA,NA,NA,2,NA,1,NA,NA,NA,3
